trial,h_m,x_m,LKE_J
1,1.02,0.0254,0.09398
2,1.18,0.026,0.09851
3,1.29,0.024,0.08346
4,1.13,0.025,0.09093
5,1.3208,0.027,0.10592
6,1.143,0.026,0.09851
7,1.2446,0.024,0.08346
8,1.27,0.025,0.09093
9,0.9144,0.023,0.07639
10,1.1684,0.026,0.09851